,Becker,PARIS,75002,01.81.30.33.94,adelaide.becker@server.fr,comptable
Adelaide,Benoit,MARSEILLE,13012,04.16.23.32.39,adelaide.benoit@server.fr,
Adelaide-Gabrielle,Hernandez,LYON,69007,04.60.76.16.31,adelaide-gabrielle.hernandez@server.fr,technicien
Adele,Barthelemy,,,02.15.23.25.75,adele.barthelemy@server.fr,barman
Benoit,Maurice,NANTES,44100,02.72.85.06.13,benoit.maurice@server.fr,
Daniel,de Valette,PARIS,75116,01.96.66.21.78,daniel.de-valette@server.fr,informaticien
Daniel-Alexandre,Blanchet,BORDEAUX,33100,05.99.00.29.39,daniel-alexandre.blanchet@server.fr,technicien
Danielle,Tessier,PARIS,75012,01.04.23.67.58,,chercheur
David,Boulanger-Voisin,,,01.37.53.15.13,david.boulanger-voisin@server.fr,cuisinier
Denis,Albert,MARSEILLE,13002,04.98.13.19.67,denis.albert@server.fr,
Denise,Bernard,STRASBOURG,67100,03.52.09.14.93,denise.bernard@server.fr,
Diane,Alves,MARSEILLE,13013,04.09.70.09.07,diane.alves@server.fr,journaliste
Diane-Emilie,Raynaud,BORDEAUX,33300,05.55.40.21.83,diane-emilie.raynaud@server.fr,
,Aubry,RENNES,35700,02.73.56.03.78,diane-frederique.aubry@server.fr,
Dominique,Boutin,PARIS,75010,01.28.46.97.75,dominique.boutin@server.fr,journaliste
Dominique-Adelaide,Germain,MARSEILLE,13016,04.79.00.10.99,dominique-adelaide.germain@server.fr,acteur
Dorothee,Bonnet,STRASBOURG,67200,03.27.42.30.70,dorothee.bonnet@server.fr,informaticien
Edith,Barthelemy,MARSEILLE,13013,04.57.57.44.15,edith.barthelemy@server.fr,journaliste
Eugene-Thierry,Dupre,PARIS,75017,01.11.46.85.95,eugene-thierry.dupre@server.fr,chauffeur
Franck,Alexandre,,,02.11.52.13.66,franck.alexandre@server.fr,chauffeur
Franck,Baron,MARSEILLE,13008,04.41.45.76.86,franck.baron@server.fr,medecin
Franck-Marc,Camus,LILLE,59000,03.80.81.23.71,franck-marc.camus@server.fr,journaliste
Franck-Xavier,Humbert,,,01.16.18.58.82,franck-xavier.humbert@server.fr,barman
Hugues-Leon,Coulon,,,04.67.26.07.62,hugues-leon.coulon@server.fr,acteur
Hugues-Tristan,Toussaint,CALUIRE-ET-CUIRE,69300,04.57.14.94.75,hugues-tristan.toussaint@server.fr,
Ines,Antoine,MONTPELLIER,34080,04.26.11.86.60,ines.antoine@server.fr,technicien
Ines,Bouvier,,,02.38.09.16.76,,journaliste
Isabelle,Simon-Delannoy,CHAMPAGNE-AU-MONT-D'OR,69410,04.11.65.90.83,isabelle.simon-delannoy@server.fr,agriculteur
,Vasseur,,,01.00.46.88.97,isabelle.vasseur@server.fr,acteur
Isabelle-Celine,Bertrand,PARIS,75018,01.86.50.18.09,isabelle-celine.bertrand@server.fr,footballeur
Isabelle-Christine,Vallee,,,03.58.27.29.24,isabelle-christine.vallee@server.fr,cuisinier
,Leroux,PARIS,75016,01.62.52.34.03,isabelle-claude.leroux@server.fr,
Isabelle-Ines,Fleury,ST ETIENNE,42100,04.12.48.06.23,,
Isabelle-Victoire,Bourgeois,MARSEILLE,13013,04.36.94.65.20,isabelle-victoire.bourgeois@server.fr,comptable
Jacqueline,Bertin,,,01.13.16.87.32,jacqueline.bertin@server.fr,ouvrier
Juliette,Teixeira,LE HAVRE,76620,02.14.16.99.03,juliette.teixeira@server.fr,journaliste
Juliette-Alexandrie,Lucas,,,01.69.70.27.98,juliette-alexandrie.lucas@server.fr,
Juliette-Diane,Gerard,PARIS,75019,01.63.56.60.75,juliette-diane.gerard@server.fr,
,Dubois,,,02.29.16.63.53,juliette-manon.dubois@server.fr,
Laetitia,Antoine,MARSEILLE,13013,04.24.63.99.82,laetitia.antoine@server.fr,
Louis,Diaz,GRENOBLE,38100,04.98.83.20.64,louis.diaz@server.fr,boulanger
Lucy-Margot,Grenier,GRENOBLE,38100,04.77.12.28.35,,ouvrier
Madeleine,Adam,MARSEILLE,13013,04.37.66.24.21,madeleine.adam@server.fr,
,Cousin,BORDEAUX,33200,05.59.46.46.41,madeleine.cousin@server.fr,avocat
Madeleine,de la Faure,STRASBOURG,67200,03.42.10.27.18,madeleine.de-la-faure@server.fr,enseignant
Margaux,Le Roux,LILLE,59000,03.88.47.81.52,margaux.le-roux@server.fr,boulanger
,Bertin,SAINT-DENIS,93200,01.74.24.99.89,monique-therese.bertin@server.fr,
Monique-Therese,Ollivier,PARIS,75014,01.83.45.22.34,monique-therese.ollivier@server.fr,cuisinier
Nath,Arnaud,,,04.19.04.26.98,nath.arnaud@server.fr,chauffeur
Nath,Bouchet de la Collet,MARSEILLE,13013,04.84.52.30.22,nath.bouchet-de-la-collet@server.fr,militaire
Noemi,Sanchez-Delattre,MARSEILLE,13013,04.39.28.74.89,noemi.sanchez-delattre@server.fr,comptable
Noemi,Techer-Potier,,,05.58.18.78.52,noemi.techer-potier@server.fr,technicien
Noemi-Marine,Neveu,,,01.71.92.94.17,noemi-marine.neveu@server.fr,enseignant
,Francois,,,04.39.65.54.16,noemi-valerie.francois@server.fr,
Oceane,Bonnet,LILLE,59160,03.47.58.01.22,oceane.bonnet@server.fr,
Oceane,Brun du Gaudin,TOULOUSE,31000,05.26.67.94.21,oceane.brun-du-gaudin@server.fr,
Patricia,Goncalves,NANTES,44100,02.97.36.51.52,patricia.goncalves@server.fr,informaticien
Patricia,Jacob,SAINT-DENIS,93200,01.49.26.91.51,patricia.jacob@server.fr,
Philippe,Renaud,PARIS,75007,01.79.34.16.14,philippe.renaud@server.fr,informaticien
,Weber,,,04.01.83.74.26,philippe.weber@server.fr,
Philippe-Bernard,Adam,TOULOUSE,31300,05.47.27.25.65,philippe-bernard.adam@server.fr,informaticien
Philippe-Franck,Roche,,,01.58.67.65.22,philippe-franck.roche@server.fr,enseignant
,Fournier,LILLE,59260,03.55.36.11.25,philippe-jules.fournier@server.fr,
,Roger,,,04.60.80.04.45,,
Philippe-Stephane,Lenoir,MARSEILLE,13016,04.91.35.73.41,philippe-stephane.lenoir@server.fr,chauffeur
Pierre-Roger,Grenier,TOULOUSE,31400,05.42.13.62.01,pierre-roger.grenier@server.fr,
Raymond,Bonnet,STRASBOURG,67000,03.09.12.42.18,raymond.bonnet@server.fr,
,Briand,PARIS,75013,01.98.68.77.21,raymond.briand@server.fr,banquier
Remy,Valentin,,,05.85.23.27.89,,
Remy-Thomas,Boyer,LYON,69008,04.02.61.51.17,remy-thomas.boyer@server.fr,
Rene,Albert de Bonneau,LE HAVRE,76620,02.60.96.67.63,rene.albert-de-bonneau@server.fr,avocat
Roland-Isaac,Guillon,MARSEILLE,13008,04.19.12.82.02,roland-isaac.guillon@server.fr,ouvrier
Roland-Paul,Raymond,MARSEILLE,13009,04.06.59.71.49,roland-paul.raymond@server.fr,
Sabine,Allain,PARIS,75011,01.14.24.58.54,sabine.allain@server.fr,
Sabine,Barre de Leconte,,,01.81.75.50.79,sabine.barre-de-leconte@server.fr,enseignant
Theodore,Coste,MONTPELLIER,34070,04.01.43.27.22,theodore.coste@server.fr,avocat
Theodore,de la Gaillard,,,01.05.64.55.61,theodore.de-la-gaillard@server.fr,medecin
Thibaut,Buisson,MARSEILLE,13013,04.27.53.01.01,thibaut.buisson@server.fr,
,Charrier,BORDEAUX,33200,05.68.25.28.47,thibaut.charrier@server.fr,
Thibaut,Cousin,,,04.00.99.57.85,thibaut.cousin@server.fr,
Tristan,Wagner,PARIS,75007,01.03.61.25.42,tristan.wagner@server.fr,acteur
Valentine,Aubry,,,01.41.46.23.38,valentine.aubry@server.fr,
Valentine,Bigot,PARIS,75006,01.05.30.29.59,,informaticien
Vincent,Legrand,,,01.49.15.86.81,vincent.legrand@server.fr,chercheur
Vincent,Lelievre,,,05.03.69.36.05,vincent.lelievre@server.fr,
Virginie-Lucy,Guilbert,MARSEILLE,13006,04.54.14.70.41,virginie-lucy.guilbert@server.fr,militaire
William,Arnaud,MONTPELLIER,34080,04.68.03.99.67,william.arnaud@server.fr,enseignant
William,Baudry,,,04.66.79.55.41,william.baudry@server.fr,journaliste
William,Blanchard-Foucher,NICE,6000,04.84.63.25.02,william.blanchard-foucher@server.fr,medecin
William-Jules,Leblanc,,,05.91.04.59.71,william-jules.leblanc@server.fr,enseignant
William-Roger,Laine,,,04.41.09.57.34,william-roger.laine@server.fr,ouvrier
Xavier,Vallee Le Roux,,,05.95.72.21.44,xavier.vallee-le-roux@server.fr,
Xavier-Georges,Lombard,NANTES,44200,02.85.93.10.09,xavier-georges.lombard@server.fr,
Yves,Weber,MARSEILLE,13011,04.56.70.94.20,yves.weber@server.fr,footballeur
Yves-Charles,Roche,NICE,6000,04.41.02.26.14,yves-charles.roche@server.fr,technicien
Yves-Thierry,Begue,,,04.34.69.30.00,yves-thierry.begue@server.fr,medecin
,Alexandre de la Lecoq,NANTES,44200,02.76.51.68.55,zacharie.alexandre-de-la-lecoq@server.fr,barman
Zacharie,Alves,NICE,6200,04.49.58.25.64,zacharie.alves@server.fr,comptable
Zacharie-Vincent,Rolland,MARSEILLE,13009,04.63.69.99.69,zacharie-vincent.rolland@server.fr,
Zoe,Boulanger,CHAMPAGNE-AU-MONT-D'OR,69410,04.30.08.95.27,zoe.boulanger@server.fr,militaire
